Date,adj close,close,high,low,open,volume
2024-09-16,164.99000549316406,164.99000549316406,164.99000549316406,147.0,150.0,60898530
2024-09-17,181.47999572753906,181.47999572753906,181.47999572753906,173.5,175.11000061035156,20018480
2024-09-18,173.69000244140625,173.69000244140625,188.4499969482422,171.16000366210938,184.0,16792460
2024-09-19,160.11000061035156,160.11000061035156,175.77999877929688,156.3300018310547,173.0500030517578,23019120
2024-09-20,163.74000549316406,163.74000549316406,168.0,161.36000061035156,162.69000244140625,5405454
2024-09-23,161.67999267578125,161.67999267578125,166.85000610351562,160.02000427246094,166.38999938964844,5556208
2024-09-24,158.61000061035156,158.61000061035156,162.5,158.0,162.0,5183933
2024-09-25,154.11000061035156,154.11000061035156,159.89999389648438,153.1999969482422,158.0,2597185
2024-09-26,157.7899932861328,157.7899932861328,163.10000610351562,150.52000427246094,153.89999389648438,4980506
2024-09-27,157.24000549316406,157.24000549316406,160.42999267578125,156.60000610351562,158.49000549316406,1372207
2024-09-30,154.07000732421875,154.07000732421875,157.0,153.5,157.0,2740136
2024-10-01,152.89999389648438,152.89999389648438,156.6999969482422,152.60000610351562,154.75,2328900
2024-10-03,150.60000610351562,150.60000610351562,151.89999389648438,148.3000030517578,149.85000610351562,1712249
2024-10-04,150.64999389648438,150.64999389648438,153.8000030517578,148.25,152.0500030517578,4372538
2024-10-07,136.10000610351562,136.10000610351562,152.1999969482422,135.60000610351562,150.1999969482422,9115109
2024-10-08,149.6999969482422,149.6999969482422,149.6999969482422,129.85000610351562,135.25,8859129
2024-10-09,155.14999389648438,155.14999389648438,159.5,151.5,151.5,8102838
2024-10-10,150.8000030517578,150.8000030517578,157.9499969482422,150.0,156.85000610351562,1427932
2024-10-11,150.8000030517578,150.8000030517578,152.8000030517578,149.60000610351562,151.25,748294
2024-10-14,141.9499969482422,141.9499969482422,151.0,140.39999389648438,150.8000030517578,2533626
2024-10-15,139.89999389648438,139.89999389648438,145.0,138.0500030517578,143.89999389648438,3751980
2024-10-16,140.4499969482422,140.4499969482422,143.4499969482422,139.0,140.0,3373649
2024-10-17,138.25,138.25,141.60000610351562,137.6999969482422,140.4499969482422,1276280
2024-10-18,139.3000030517578,139.3000030517578,140.9499969482422,135.8000030517578,138.0,2853065
2024-10-21,136.5500030517578,136.5500030517578,141.89999389648438,136.0500030517578,140.60000610351562,1239606
2024-10-22,136.25,136.25,142.3000030517578,135.0,140.6999969482422,2791578
2024-10-23,136.75,136.75,138.4499969482422,134.60000610351562,136.5,3254409
2024-10-24,131.35000610351562,131.35000610351562,136.3000030517578,130.89999389648438,136.0,1412275
2024-10-25,131.39999389648438,131.39999389648438,133.14999389648438,128.14999389648438,131.75,4398195
2024-10-28,130.85000610351562,130.85000610351562,133.0,129.60000610351562,131.5500030517578,2741327
2024-10-29,131.85000610351562,131.85000610351562,132.35000610351562,129.4499969482422,131.0,921410
2024-10-31,134.14999389648438,134.14999389648438,136.25,132.85000610351562,134.5,1452122
2024-11-01,137.85000610351562,137.85000610351562,138.0,135.4499969482422,135.75,1190886
2024-11-04,135.3000030517578,135.3000030517578,138.10000610351562,134.25,137.9499969482422,1775993
2024-11-06,137.64999389648438,137.64999389648438,138.5500030517578,134.75,135.35000610351562,1980851
2024-11-07,138.3000030517578,138.3000030517578,141.5,136.5500030517578,138.9499969482422,1186254
2024-11-08,135.5500030517578,135.5500030517578,138.5500030517578,135.0500030517578,138.10000610351562,466090
2024-11-11,132.9499969482422,132.9499969482422,134.75,132.6999969482422,134.35000610351562,1339375
2024-11-12,131.0,131.0,134.1999969482422,130.5,132.75,1355760
2024-11-13,129.39999389648438,129.39999389648438,130.8000030517578,128.25,130.0,2141671
2024-11-14,129.5500030517578,129.5500030517578,130.8000030517578,128.64999389648438,129.3000030517578,1764988
2024-11-18,127.4000015258789,127.4000015258789,130.5500030517578,127.0,129.85000610351562,912600
2024-11-19,127.5999984741211,127.5999984741211,129.39999389648438,127.0,127.55000305175781,1644471
2024-11-21,125.8499984741211,125.8499984741211,127.55000305175781,125.30000305175781,127.4000015258789,1724961
2024-11-22,127.0,127.0,128.35000610351562,125.30000305175781,125.6500015258789,1324816
2024-11-25,129.3000030517578,129.3000030517578,132.89999389648438,128.8000030517578,130.0,1599780
2024-11-26,128.9499969482422,128.9499969482422,130.1999969482422,128.3000030517578,129.5,512595
2024-11-27,132.0,132.0,132.89999389648438,128.3000030517578,129.10000610351562,1757497
2024-11-28,136.8000030517578,136.8000030517578,140.6999969482422,132.1999969482422,133.0,1576089
2024-11-29,135.89999389648438,135.89999389648438,138.0,134.5,137.75,1234027
2024-12-02,134.60000610351562,134.60000610351562,136.25,133.5,135.0,1255806
2024-12-03,136.5,136.5,139.35000610351562,135.0,135.0,1083955
2024-12-04,138.35000610351562,138.35000610351562,141.25,137.0,137.8000030517578,698399
2024-12-05,146.60000610351562,146.60000610351562,147.6999969482422,138.8000030517578,139.0,3003231
2024-12-06,144.0500030517578,144.0500030517578,147.6999969482422,143.5500030517578,147.6999969482422,974357
2024-12-09,142.6999969482422,142.6999969482422,145.6999969482422,142.35000610351562,144.0,642848
2024-12-10,140.14999389648438,140.14999389648438,144.0,139.8000030517578,144.0,1206020
2024-12-11,141.39999389648438,141.39999389648438,142.75,139.8000030517578,140.14999389648438,1494214
2024-12-12,132.8000030517578,132.8000030517578,139.5,132.3000030517578,139.1999969482422,5108531
2024-12-13,132.39999389648438,132.39999389648438,133.75,131.0,133.75,2682534
2024-12-16,130.60000610351562,130.60000610351562,133.39999389648438,129.89999389648438,133.39999389648438,914889
2024-12-17,128.85000610351562,128.85000610351562,131.5,128.5,131.0,1877168
2024-12-18,127.19999694824219,127.19999694824219,129.9499969482422,127.0,129.9499969482422,1816037
2024-12-19,127.5,127.5,129.3000030517578,125.05000305175781,125.05000305175781,2187111
2024-12-20,126.30000305175781,126.30000305175781,128.89999389648438,125.75,127.8499984741211,1557839
2024-12-23,125.5999984741211,125.5999984741211,127.9000015258789,125.4000015258789,127.75,1462967
2024-12-24,126.94999694824219,126.94999694824219,127.5999984741211,124.94999694824219,126.0,1019295
2024-12-26,125.6500015258789,125.6500015258789,127.6500015258789,125.3499984741211,127.0,434274
2024-12-27,127.0,127.0,128.5,125.3499984741211,126.05000305175781,376567
2024-12-30,127.55000305175781,127.55000305175781,129.8000030517578,126.0,126.75,1544159
2024-12-31,127.44999694824219,127.44999694824219,128.25,126.55000305175781,127.8499984741211,373464
2025-01-01,127.19999694824219,127.19999694824219,129.0500030517578,127.0,127.4000015258789,685221
2025-01-02,126.44999694824219,126.44999694824219,127.9000015258789,126.0,127.25,1108489
2025-01-03,126.0999984741211,126.0999984741211,128.14999389648438,126.0,126.69999694824219,2320155
2025-01-06,122.8499984741211,122.8499984741211,128.1999969482422,122.4000015258789,127.4000015258789,2843141
2025-01-07,120.8499984741211,120.8499984741211,123.3499984741211,120.5,122.4000015258789,1846877
2025-01-08,123.5,123.5,124.5,120.75,122.05000305175781,2012547
2025-01-09,120.9000015258789,120.9000015258789,123.5,120.6500015258789,123.44999694824219,1080050
2025-01-10,118.5,118.5,120.8499984741211,117.19999694824219,120.05000305175781,1695715
2025-01-13,112.19999694824219,112.19999694824219,117.25,111.55000305175781,116.1500015258789,1054455
2025-01-14,115.9000015258789,115.9000015258789,116.44999694824219,111.8499984741211,112.69999694824219,1667656
2025-01-15,114.19999694824219,114.19999694824219,116.5999984741211,113.5999984741211,116.44999694824219,1254513
2025-01-16,113.69999694824219,113.69999694824219,118.5,113.3499984741211,115.5,1474439
2025-01-17,113.4000015258789,113.4000015258789,114.69999694824219,112.0,114.69999694824219,695565
2025-01-20,114.30000305175781,114.30000305175781,116.69999694824219,112.8499984741211,113.9000015258789,635479
2025-01-21,113.19999694824219,113.19999694824219,115.25,112.9000015258789,114.6500015258789,1201912
2025-01-22,111.1500015258789,111.1500015258789,113.55000305175781,109.5999984741211,113.1500015258789,869850
2025-01-23,110.0999984741211,110.0999984741211,112.30000305175781,109.6500015258789,110.80000305175781,1243038
2025-01-24,109.1500015258789,109.1500015258789,111.44999694824219,108.5,110.3499984741211,1403343
2025-01-27,105.8499984741211,105.8499984741211,108.0,104.80000305175781,108.0,1905128
2025-01-28,111.1500015258789,111.1500015258789,115.6500015258789,103.0,109.44999694824219,4891400
2025-01-29,115.8499984741211,115.8499984741211,117.0,110.25,111.80000305175781,1255124
2025-01-30,114.80000305175781,114.80000305175781,117.3499984741211,114.30000305175781,116.3499984741211,969717
2025-01-31,116.4000015258789,116.4000015258789,116.69999694824219,114.25,115.0,2001611
2025-02-01,115.69999694824219,115.69999694824219,119.30000305175781,114.9000015258789,116.94999694824219,1085482
2025-02-03,115.55000305175781,115.55000305175781,116.5,113.4000015258789,114.8499984741211,1277495
2025-02-04,115.75,115.75,116.80000305175781,115.0,115.69999694824219,993788
2025-02-05,114.94999694824219,114.94999694824219,118.5999984741211,114.5,116.19999694824219,562398
2025-02-06,118.94999694824219,118.94999694824219,122.0,114.80000305175781,115.3499984741211,1244782
2025-02-07,119.9000015258789,119.9000015258789,122.5,119.0999984741211,120.3499984741211,2058608
2025-02-10,116.94999694824219,116.94999694824219,120.0,116.1500015258789,120.0,567829
2025-02-11,112.0,112.0,116.4000015258789,110.55000305175781,115.8499984741211,1454052
2025-02-12,112.9000015258789,112.9000015258789,113.69999694824219,108.25,111.9000015258789,805146
2025-02-13,112.55000305175781,112.55000305175781,114.25,111.80000305175781,112.55000305175781,878038
2025-02-14,109.69999694824219,109.69999694824219,113.1500015258789,108.5,113.1500015258789,1259233
2025-02-17,109.44999694824219,109.44999694824219,110.5999984741211,106.80000305175781,109.6500015258789,709360
2025-02-18,108.5,108.5,109.94999694824219,107.5,109.3499984741211,994873
2025-02-19,108.94999694824219,108.94999694824219,109.30000305175781,106.75,107.75,1144187
2025-02-20,113.8499984741211,113.8499984741211,114.25,108.19999694824219,108.8499984741211,804515
2025-02-21,113.6500015258789,113.6500015258789,116.0,113.0,113.8499984741211,562361
2025-02-24,113.44999694824219,113.44999694824219,114.94999694824219,111.19999694824219,112.5999984741211,984902
2025-02-25,113.8499984741211,113.8499984741211,115.3499984741211,112.9000015258789,113.3499984741211,688738
2025-02-27,111.44999694824219,111.44999694824219,114.80000305175781,111.05000305175781,113.9000015258789,261904
2025-02-28,108.75,108.75,111.44999694824219,107.69999694824219,110.0,358524
2025-03-03,110.05000305175781,110.05000305175781,111.0,105.05000305175781,108.5,2066514
2025-03-04,110.80000305175781,110.80000305175781,111.25,108.0,108.0,697601
2025-03-05,112.30000305175781,112.30000305175781,113.30000305175781,110.1500015258789,110.3499984741211,351395
2025-03-06,114.4000015258789,114.4000015258789,114.80000305175781,113.0,113.25,866009
2025-03-07,116.3499984741211,116.3499984741211,117.3499984741211,113.80000305175781,114.4000015258789,490633
2025-03-10,115.19999694824219,115.19999694824219,117.69999694824219,114.8499984741211,116.0999984741211,368275
2025-03-11,113.75,113.75,114.9000015258789,113.0,113.30000305175781,290340
2025-03-12,115.8499984741211,115.8499984741211,116.25,113.4000015258789,113.8499984741211,907994
2025-03-13,115.19999694824219,115.19999694824219,117.0999984741211,115.0,116.25,193729
2025-03-17,114.8499984741211,114.8499984741211,116.69999694824219,114.5,115.25,306565
2025-03-18,117.6500015258789,117.6500015258789,119.44999694824219,115.19999694824219,116.0,568074
2025-03-19,121.5999984741211,121.5999984741211,125.0999984741211,118.55000305175781,118.55000305175781,2738862
2025-03-20,121.1500015258789,121.1500015258789,123.4000015258789,118.8499984741211,122.94999694824219,1376639
2025-03-21,123.5,123.5,126.80000305175781,118.5999984741211,121.3499984741211,3449633
2025-03-24,121.69999694824219,121.69999694824219,126.5,121.30000305175781,125.5999984741211,773517
2025-03-25,119.94999694824219,119.94999694824219,123.75,118.69999694824219,123.0999984741211,1624529
2025-03-26,116.0,116.0,120.05000305175781,115.75,119.80000305175781,1609387
2025-03-27,125.55000305175781,125.55000305175781,127.5999984741211,115.19999694824219,115.6500015258789,3685793
2025-03-28,123.25,123.25,126.8499984741211,122.69999694824219,125.55000305175781,2498607
2025-04-01,121.75,121.75,124.19999694824219,121.05000305175781,122.80000305175781,304602
2025-04-02,121.6500015258789,121.6500015258789,123.9000015258789,120.30000305175781,121.94999694824219,731839
2025-04-03,124.5999984741211,124.5999984741211,125.44999694824219,120.3499984741211,120.3499984741211,1439086
2025-04-04,121.5999984741211,121.5999984741211,124.5,120.5,124.0,513358
2025-04-07,118.25,118.25,119.0,109.44999694824219,109.44999694824219,2362932
2025-04-08,118.1500015258789,118.1500015258789,121.9000015258789,117.30000305175781,121.3499984741211,1186193
2025-04-09,118.25,118.25,119.94999694824219,116.6500015258789,118.0999984741211,985827
2025-04-11,119.3499984741211,119.3499984741211,121.0,118.25,120.05000305175781,1125271
2025-04-15,124.19999694824219,124.19999694824219,125.80000305175781,120.25,120.25,651144
2025-04-16,129.75,129.75,131.3000030517578,123.8499984741211,124.69999694824219,1233874
2025-04-17,128.75,128.75,130.64999389648438,127.9000015258789,129.9499969482422,598339
2025-04-21,130.75,130.75,131.8000030517578,128.3000030517578,129.25,1429134
2025-04-22,131.1999969482422,131.1999969482422,133.89999389648438,130.9499969482422,131.25,1695643
2025-04-23,131.85000610351562,131.85000610351562,132.5,128.3000030517578,132.0,1596761
2025-04-24,132.25,132.25,137.0,131.60000610351562,135.0,2834535
2025-04-25,125.05000305175781,125.05000305175781,132.5,123.5,132.5,1492734
2025-04-28,125.1500015258789,125.1500015258789,126.19999694824219,122.0999984741211,123.8499984741211,1756546
2025-04-29,123.5,123.5,127.5,122.9000015258789,125.19999694824219,1240073
2025-04-30,122.05000305175781,122.05000305175781,124.4000015258789,121.6500015258789,123.44999694824219,1195796
2025-05-02,122.05000305175781,122.05000305175781,124.0999984741211,121.55000305175781,122.05000305175781,1015222
2025-05-05,122.5999984741211,122.5999984741211,123.19999694824219,121.30000305175781,122.0,885031
2025-05-06,118.19999694824219,118.19999694824219,123.5,117.69999694824219,122.25,1346931
2025-05-07,119.5,119.5,120.0999984741211,115.05000305175781,115.05000305175781,643488
2025-05-08,118.4000015258789,118.4000015258789,122.6500015258789,117.30000305175781,119.44999694824219,1295380
2025-05-09,117.3499984741211,117.3499984741211,117.80000305175781,114.9000015258789,114.9000015258789,718716
2025-05-12,120.9000015258789,120.9000015258789,122.30000305175781,120.5999984741211,122.30000305175781,964089
2025-05-13,121.4000015258789,121.4000015258789,122.5999984741211,120.9000015258789,122.0,1312141
2025-05-14,122.80000305175781,122.80000305175781,123.4000015258789,121.4000015258789,121.94999694824219,896346
2025-05-15,122.94999694824219,122.94999694824219,124.1500015258789,122.5999984741211,122.8499984741211,788870
2025-05-16,123.94999694824219,123.94999694824219,124.80000305175781,122.75,123.69999694824219,665320
2025-05-19,126.25,126.25,128.5,123.5999984741211,124.19999694824219,1898571
2025-05-20,123.8499984741211,123.8499984741211,126.8499984741211,123.19999694824219,126.5999984741211,1009023
2025-05-21,124.1500015258789,124.1500015258789,125.0,122.30000305175781,123.75,438928
2025-05-22,124.05000305175781,124.05000305175781,125.5,123.1500015258789,123.9000015258789,255509
2025-05-23,124.3499984741211,124.3499984741211,124.80000305175781,123.4000015258789,124.25,285879
2025-05-26,124.19999694824219,124.19999694824219,125.55000305175781,124.0999984741211,124.75,264560
2025-05-27,123.6500015258789,123.6500015258789,124.44999694824219,123.30000305175781,124.0,586522
2025-05-28,123.80000305175781,123.80000305175781,124.55000305175781,123.5999984741211,123.8499984741211,248212
2025-05-29,123.0999984741211,123.0999984741211,124.4000015258789,123.0,124.0,552397
2025-05-30,121.94999694824219,121.94999694824219,123.69999694824219,121.80000305175781,122.75,326839
2025-06-02,123.8499984741211,123.8499984741211,124.44999694824219,121.4000015258789,122.0,422674
2025-06-03,122.5,122.5,124.6500015258789,122.19999694824219,124.3499984741211,398119
2025-06-04,121.75,121.75,123.0,121.0,122.5999984741211,831599
2025-06-05,122.8499984741211,122.8499984741211,123.94999694824219,121.8499984741211,121.8499984741211,913265
2025-06-06,125.69999694824219,125.69999694824219,126.5,122.5,123.19999694824219,2721440
2025-06-09,127.1500015258789,127.1500015258789,128.39999389648438,126.4000015258789,126.6500015258789,1747804
2025-06-10,125.69999694824219,125.69999694824219,127.8499984741211,125.55000305175781,127.3499984741211,937287
2025-06-11,125.19999694824219,125.19999694824219,127.5,124.6500015258789,126.05000305175781,565110
2025-06-12,122.8499984741211,122.8499984741211,125.69999694824219,122.55000305175781,125.05000305175781,362423
2025-06-13,121.6500015258789,121.6500015258789,121.94999694824219,120.05000305175781,120.25,394190
2025-06-16,121.80000305175781,121.80000305175781,122.5,119.5999984741211,121.8499984741211,789961
2025-06-17,120.6500015258789,120.6500015258789,122.69999694824219,120.5,121.94999694824219,294311
2025-06-18,120.3499984741211,120.3499984741211,121.44999694824219,120.0,120.25,218003
2025-06-19,117.94999694824219,117.94999694824219,120.44999694824219,117.30000305175781,119.9000015258789,293201
2025-06-20,119.5,119.5,119.9000015258789,117.3499984741211,117.6500015258789,708616
2025-06-23,119.0,119.0,119.30000305175781,117.94999694824219,117.94999694824219,356968
2025-06-24,120.55000305175781,120.55000305175781,122.0999984741211,120.1500015258789,120.25,476275
2025-06-25,121.6500015258789,121.6500015258789,122.9000015258789,121.4000015258789,121.9000015258789,268114
2025-06-26,121.9000015258789,121.9000015258789,122.19999694824219,121.0999984741211,122.0,274148
2025-06-27,122.05000305175781,122.05000305175781,123.19999694824219,121.80000305175781,122.4000015258789,334882
2025-06-30,121.8499984741211,121.8499984741211,123.0999984741211,121.75,123.0999984741211,230822
2025-07-01,121.5,121.5,123.19999694824219,121.05000305175781,121.75,216742
2025-07-02,121.25,121.25,122.1500015258789,120.6500015258789,121.5999984741211,299017
2025-07-03,121.1500015258789,121.1500015258789,122.0,120.9000015258789,121.1500015258789,162160
2025-07-04,122.44999694824219,122.44999694824219,124.0,121.8499984741211,122.3499984741211,1292953
2025-07-07,120.94999694824219,120.94999694824219,122.4000015258789,120.69999694824219,122.25,464763
2025-07-08,120.80000305175781,120.80000305175781,121.25,120.25,120.55000305175781,259141
2025-07-09,121.30000305175781,121.30000305175781,122.0999984741211,120.4000015258789,120.5999984741211,613232
2025-07-10,121.5999984741211,121.5999984741211,122.0999984741211,120.80000305175781,121.3499984741211,297141
2025-07-11,120.9000015258789,120.9000015258789,121.75,120.55000305175781,121.6500015258789,306474
2025-07-14,119.8499984741211,119.8499984741211,120.5999984741211,119.4000015258789,120.55000305175781,539796
2025-07-15,121.19999694824219,121.19999694824219,121.9000015258789,120.1500015258789,120.1500015258789,315967
2025-07-16,123.3499984741211,123.3499984741211,124.0,120.75,121.05000305175781,569680
2025-07-17,122.6500015258789,122.6500015258789,124.0999984741211,122.4000015258789,123.3499984741211,236718
2025-07-18,121.9000015258789,121.9000015258789,122.9000015258789,121.5,122.25,556432
2025-07-21,121.4000015258789,121.4000015258789,121.94999694824219,120.9000015258789,121.4000015258789,538911
2025-07-22,121.44999694824219,121.44999694824219,122.44999694824219,121.05000305175781,121.25,589828
2025-07-23,122.25,122.25,123.1500015258789,121.44999694824219,121.75,413846
2025-07-24,119.6500015258789,119.6500015258789,122.5,119.5,122.05000305175781,650698
2025-07-25,117.05000305175781,117.05000305175781,119.5,116.8499984741211,119.5,492462
2025-07-28,115.25,115.25,117.1500015258789,115.0,116.9000015258789,901093
2025-07-29,115.9000015258789,115.9000015258789,116.3499984741211,114.5999984741211,114.5999984741211,692683
2025-07-30,115.0,115.0,117.0999984741211,114.80000305175781,115.9000015258789,334191
2025-07-31,113.94999694824219,113.94999694824219,114.69999694824219,113.1500015258789,113.5999984741211,696476
2025-08-01,112.9000015258789,112.9000015258789,114.30000305175781,112.69999694824219,113.8499984741211,609504
2025-08-04,114.25,114.25,114.5,112.69999694824219,112.69999694824219,263353
2025-08-05,114.19999694824219,114.19999694824219,114.9000015258789,113.8499984741211,113.8499984741211,452733
2025-08-06,113.30000305175781,113.30000305175781,114.75,113.0,113.94999694824219,249307
2025-08-07,113.05000305175781,113.05000305175781,114.25,111.0999984741211,113.3499984741211,1065737
2025-08-08,112.44999694824219,112.44999694824219,113.5,111.80000305175781,113.05000305175781,592860
2025-08-11,112.69999694824219,112.69999694824219,113.0999984741211,111.5999984741211,112.4000015258789,618829
2025-08-12,112.5,112.5,113.5,112.30000305175781,113.0999984741211,235086
2025-08-13,108.5999984741211,108.5999984741211,113.30000305175781,108.25,112.19999694824219,1256345
2025-08-14,112.6500015258789,112.6500015258789,114.9000015258789,109.4000015258789,109.94999694824219,2696292
2025-08-18,114.80000305175781,114.80000305175781,117.94999694824219,113.25,114.5999984741211,900007
2025-08-19,114.19999694824219,114.19999694824219,114.8499984741211,113.0999984741211,114.8499984741211,780222
2025-08-20,114.30000305175781,114.30000305175781,114.9000015258789,113.5999984741211,114.9000015258789,598793
2025-08-21,113.05000305175781,113.05000305175781,114.9000015258789,112.80000305175781,114.1500015258789,579357
2025-08-22,112.94999694824219,112.94999694824219,113.4000015258789,112.5,112.6500015258789,471451
2025-08-25,113.4000015258789,113.4000015258789,113.80000305175781,112.75,112.75,477448
2025-08-26,112.3499984741211,112.3499984741211,113.4000015258789,112.05000305175781,112.75,200130
2025-08-28,111.75,111.75,112.69999694824219,111.0,111.5,580661
2025-08-29,111.25,111.25,112.3499984741211,111.05000305175781,111.05000305175781,242316
2025-09-01,113.05000305175781,113.05000305175781,113.30000305175781,111.3499984741211,111.44999694824219,548769
2025-09-02,113.19999694824219,113.19999694824219,114.1500015258789,112.9000015258789,113.3499984741211,542433
2025-09-03,113.30000305175781,113.30000305175781,113.94999694824219,112.75,113.0999984741211,186599
2025-09-04,112.05000305175781,112.05000305175781,114.80000305175781,111.75,114.0,691309
2025-09-05,112.25,112.25,113.4000015258789,110.80000305175781,110.80000305175781,497313
2025-09-08,112.1500015258789,112.1500015258789,113.44999694824219,112.0,112.05000305175781,561708
2025-09-09,111.8499984741211,111.8499984741211,113.75,111.69999694824219,112.19999694824219,205796
2025-09-10,112.0999984741211,112.0999984741211,112.80000305175781,111.8499984741211,111.8499984741211,418043
2025-09-11,111.94999694824219,111.94999694824219,112.94999694824219,111.80000305175781,112.05000305175781,485390
2025-09-12,112.05000305175781,112.05000305175781,112.55000305175781,111.8499984741211,111.9000015258789,244531
2025-09-15,113.3499984741211,113.3499984741211,115.3499984741211,112.30000305175781,112.30000305175781,852273
2025-09-16,115.94999694824219,115.94999694824219,117.0,113.3499984741211,113.69999694824219,1519823
2025-09-17,115.5,115.5,116.80000305175781,115.25,116.1500015258789,598712
2025-09-18,114.80000305175781,114.80000305175781,115.94999694824219,114.5,115.55000305175781,560012
2025-09-19,114.55000305175781,114.55000305175781,114.80000305175781,113.6500015258789,113.6500015258789,490015
2025-09-22,113.25,113.25,114.9000015258789,113.0999984741211,114.3499984741211,272201
2025-09-23,112.5999984741211,112.5999984741211,113.69999694824219,112.5,112.80000305175781,566478
2025-09-24,111.80000305175781,111.80000305175781,113.0,111.5,111.9000015258789,578364
2025-09-25,111.30000305175781,111.30000305175781,111.94999694824219,111.0999984741211,111.30000305175781,452811
2025-09-26,110.44999694824219,110.44999694824219,111.19999694824219,110.0,111.1500015258789,597556
2025-09-29,111.55000305175781,111.55000305175781,112.4000015258789,110.05000305175781,110.4000015258789,606068
2025-09-30,110.0,110.0,112.25,109.9000015258789,111.0999984741211,258807
2025-10-01,111.5,111.5,111.75,109.69999694824219,110.05000305175781,215046
2025-10-03,111.5,111.5,112.0999984741211,111.25,111.5,545778
2025-10-06,111.75,111.75,113.5999984741211,111.19999694824219,113.0,462825
2025-10-07,111.0999984741211,111.0999984741211,111.94999694824219,111.0,111.69999694824219,188387
2025-10-08,110.5,110.5,111.44999694824219,110.1500015258789,111.1500015258789,539706
2025-10-09,110.05000305175781,110.05000305175781,110.55000305175781,109.9000015258789,110.05000305175781,194400
2025-10-10,110.0,110.0,110.55000305175781,109.8499984741211,110.0,215044
2025-10-13,108.75,108.75,109.80000305175781,108.55000305175781,109.0,694493
2025-10-14,107.25,107.25,109.5999984741211,107.0999984741211,108.80000305175781,968024
2025-10-15,110.05000305175781,110.05000305175781,111.3499984741211,106.80000305175781,107.4000015258789,1119285
2025-10-16,110.05000305175781,110.05000305175781,111.0,109.6500015258789,110.4000015258789,218501
2025-10-17,109.44999694824219,109.44999694824219,109.8499984741211,108.69999694824219,109.6500015258789,538673
2025-10-20,109.0999984741211,109.0999984741211,109.94999694824219,108.9000015258789,109.75,593874
2025-10-21,110.69999694824219,110.69999694824219,110.9000015258789,108.69999694824219,108.69999694824219,492745
2025-10-23,110.25,110.25,111.30000305175781,110.0,110.9000015258789,637926
2025-10-24,110.1500015258789,110.1500015258789,110.80000305175781,109.75,110.44999694824219,468799
2025-10-27,109.8499984741211,109.8499984741211,111.0999984741211,109.6500015258789,110.05000305175781,240715
2025-10-28,109.0,109.0,110.05000305175781,108.80000305175781,109.8499984741211,549854
2025-10-29,110.6500015258789,110.6500015258789,110.80000305175781,108.8499984741211,108.8499984741211,296911
2025-10-30,110.75,110.75,112.4000015258789,110.30000305175781,110.44999694824219,743036
2025-10-31,110.25,110.25,110.6500015258789,109.80000305175781,110.55000305175781,425539
2025-11-03,109.8499984741211,109.8499984741211,110.5,109.55000305175781,110.05000305175781,424496
2025-11-04,109.5999984741211,109.5999984741211,110.1500015258789,109.1500015258789,109.8499984741211,171013
2025-11-06,109.3499984741211,109.3499984741211,109.9000015258789,108.55000305175781,109.44999694824219,563484
2025-11-07,109.44999694824219,109.44999694824219,110.6500015258789,108.44999694824219,110.6500015258789,501399
2025-11-10,108.30000305175781,108.30000305175781,109.25,106.75,106.75,303233
2025-11-11,107.69999694824219,107.69999694824219,108.30000305175781,107.1500015258789,108.0999984741211,575089
2025-11-12,108.05000305175781,108.05000305175781,108.30000305175781,107.55000305175781,107.55000305175781,621497
2025-11-14,107.55000305175781,107.55000305175781,107.9000015258789,107.4000015258789,107.6500015258789,417383
2025-11-17,107.4000015258789,107.4000015258789,108.0999984741211,107.1500015258789,107.80000305175781,514843
2025-11-18,106.5999984741211,106.5999984741211,107.4000015258789,106.5,107.1500015258789,555632
2025-11-19,106.05000305175781,106.05000305175781,106.80000305175781,105.94999694824219,106.3499984741211,608799
2025-11-20,106.3499984741211,106.3499984741211,107.25,106.05000305175781,106.05000305175781,262821
2025-11-21,105.5999984741211,105.5999984741211,106.5,105.30000305175781,106.4000015258789,173908
2025-11-24,105.75,105.75,106.55000305175781,105.0,105.4000015258789,575888
2025-11-25,104.94999694824219,104.94999694824219,106.0,104.8499984741211,105.5,190452
2025-11-26,105.0,105.0,105.6500015258789,104.8499984741211,105.1500015258789,238929
2025-11-27,105.3499984741211,105.3499984741211,107.0999984741211,104.94999694824219,104.94999694824219,663117
2025-11-28,105.0999984741211,105.0999984741211,105.6500015258789,104.80000305175781,105.3499984741211,382472
2025-12-01,104.5,104.5,105.5,104.19999694824219,104.94999694824219,556279
2025-12-02,97.0,97.0,99.25,94.9000015258789,97.25,47208920
2025-12-03,97.05000305175781,97.05000305175781,98.80000305175781,96.69999694824219,97.5999984741211,2275873
2025-12-04,96.3499984741211,96.3499984741211,97.30000305175781,95.19999694824219,96.8499984741211,2036947
2025-12-05,95.5,95.5,96.5999984741211,95.0999984741211,96.3499984741211,1472747
2025-12-08,93.69999694824219,93.69999694824219,96.0,93.0999984741211,95.75,1077402
2025-12-09,95.5,95.5,96.4000015258789,92.1500015258789,93.5999984741211,1800008
2025-12-10,96.25,96.25,97.0999984741211,95.8499984741211,95.8499984741211,488523
2025-12-11,95.80000305175781,95.80000305175781,96.5999984741211,95.5,96.25,683024
2025-12-12,95.6500015258789,95.6500015258789,96.4000015258789,95.5,95.8499984741211,350845
2025-12-15,95.5,95.5,97.1500015258789,93.80000305175781,95.55000305175781,1153121
2025-12-16,95.44999694824219,95.44999694824219,96.5999984741211,95.19999694824219,96.0999984741211,251709
2025-12-17,94.5999984741211,94.5999984741211,95.69999694824219,94.4000015258789,95.4000015258789,661399
2025-12-18,95.0,95.0,95.19999694824219,93.9000015258789,94.44999694824219,668614
2025-12-19,95.30000305175781,95.30000305175781,96.0999984741211,94.8499984741211,95.3499984741211,354783
2025-12-22,95.9000015258789,95.9000015258789,96.30000305175781,95.5999984741211,95.5999984741211,265520
2025-12-23,95.8499984741211,95.8499984741211,96.80000305175781,95.75,96.4000015258789,699661
2025-12-24,95.19999694824219,95.19999694824219,96.30000305175781,95.05000305175781,95.8499984741211,651358
2025-12-26,95.1500015258789,95.1500015258789,95.5999984741211,94.5,95.0999984741211,641309
2025-12-29,94.19999694824219,94.19999694824219,95.30000305175781,93.9000015258789,95.0,914566
2025-12-30,94.19999694824219,94.19999694824219,94.44999694824219,93.80000305175781,94.05000305175781,601803
2025-12-31,94.3499984741211,94.3499984741211,94.5,93.9000015258789,94.19999694824219,589666
2026-01-01,96.12000274658203,96.12000274658203,97.31999969482422,94.4000015258789,94.4000015258789,1472682
2026-01-02,96.5999984741211,96.5999984741211,96.76000213623047,95.54000091552734,96.5,1087329
2026-01-05,97.45999908447266,97.45999908447266,98.1500015258789,96.62999725341797,97.01000213623047,840809
2026-01-06,96.9800033569336,96.9800033569336,98.33000183105469,96.6500015258789,97.72000122070312,889948
2026-01-07,95.87999725341797,95.87999725341797,97.13999938964844,95.61000061035156,96.9800033569336,695394
2026-01-08,94.8499984741211,94.8499984741211,96.0,94.5999984741211,95.77999877929688,431339
2026-01-09,93.62999725341797,93.62999725341797,94.66000366210938,92.80000305175781,94.66000366210938,702608
2026-01-12,93.5,93.5,94.0999984741211,92.6500015258789,93.08000183105469,970046
2026-01-13,94.20999908447266,94.20999908447266,94.4000015258789,93.2699966430664,93.33999633789062,609700
2026-01-14,93.5199966430664,93.5199966430664,94.30999755859375,93.30000305175781,94.02999877929688,277817
2026-01-16,92.41000366210938,92.41000366210938,93.55999755859375,92.30000305175781,93.3499984741211,868488
2026-01-19,91.37000274658203,91.37000274658203,92.4000015258789,91.0,92.30999755859375,943476
2026-01-20,89.80000305175781,89.80000305175781,91.37000274658203,89.51000213623047,91.01000213623047,1510583
2026-01-21,89.18000030517578,89.18000030517578,90.36000061035156,88.1500015258789,89.4000015258789,1713006
2026-01-22,90.55999755859375,90.55999755859375,90.83999633789062,89.37999725341797,89.37999725341797,895522
2026-01-23,88.37000274658203,88.37000274658203,90.88999938964844,88.1500015258789,90.56999969482422,1028804
2026-01-27,88.83000183105469,88.83000183105469,90.4000015258789,87.5,88.62999725341797,1548647
2026-01-28,89.2300033569336,89.2300033569336,89.76000213623047,88.7699966430664,89.12000274658203,856174
2026-01-29,88.0,88.0,89.5199966430664,87.83999633789062,89.3499984741211,1051896
2026-01-30,90.8499984741211,90.8499984741211,94.37000274658203,87.30000305175781,87.72000122070312,2541644
2026-02-02,89.62999725341797,89.62999725341797,90.11000061035156,87.1500015258789,89.48999786376953,583646
2026-02-03,91.08000183105469,91.08000183105469,94.80000305175781,90.77999877929688,94.73999786376953,708276
2026-02-04,91.80999755859375,91.80999755859375,92.0,90.41000366210938,91.08999633789062,825695
2026-02-05,91.1500015258789,91.1500015258789,91.83999633789062,90.58999633789062,91.75,281364
2026-02-06,91.29000091552734,91.29000091552734,91.44000244140625,89.94000244140625,91.05999755859375,246692
2026-02-09,91.19999694824219,91.19999694824219,92.0,90.94000244140625,91.29000091552734,798974
2026-02-10,91.69999694824219,91.69999694824219,92.44999694824219,91.0999984741211,91.33000183105469,806968
2026-02-11,91.0999984741211,91.0999984741211,92.0,90.97000122070312,92.0,210233
2026-02-12,90.37000274658203,90.37000274658203,91.11000061035156,89.80000305175781,91.11000061035156,355437
2026-02-13,89.29000091552734,89.29000091552734,90.0,88.9000015258789,89.30999755859375,320884
2026-02-16,88.80000305175781,88.80000305175781,89.4000015258789,88.61000061035156,88.63999938964844,553041
2026-02-17,88.75,88.75,89.5999984741211,88.55999755859375,89.08999633789062,286563
2026-02-18,88.7699966430664,88.7699966430664,89.33999633789062,88.63999938964844,88.80000305175781,560579
2026-02-19,88.16999816894531,88.16999816894531,89.19999694824219,88.0,88.63999938964844,662567
2026-02-20,88.05000305175781,88.05000305175781,88.79000091552734,87.83999633789062,88.27999877929688,302934
2026-02-23,87.2699966430664,87.2699966430664,88.81999969482422,87.16000366210938,88.54000091552734,384321
2026-02-24,87.23999786376953,87.23999786376953,87.55999755859375,86.69999694824219,87.19000244140625,842840
2026-02-25,87.62000274658203,87.62000274658203,87.9800033569336,86.91000366210938,87.5,299481
2026-02-26,87.55999755859375,87.55999755859375,87.9800033569336,87.29000091552734,87.73999786376953,179179
2026-02-27,87.02999877929688,87.02999877929688,87.5999984741211,86.69999694824219,87.41000366210938,234182
2026-03-02,85.20999908447266,85.20999908447266,86.0,81.4000015258789,81.4000015258789,735461
2026-03-04,84.04000091552734,84.04000091552734,85.0,83.04000091552734,83.62000274658203,575572
2026-03-05,84.6500015258789,84.6500015258789,85.36000061035156,83.73999786376953,84.16999816894531,398485
2026-03-06,84.18000030517578,84.18000030517578,85.2699966430664,84.0,84.4000015258789,737579
2026-03-09,82.83000183105469,82.83000183105469,84.0,81.5,82.20999908447266,1178659
2026-03-10,84.56999969482422,84.56999969482422,84.80000305175781,83.37999725341797,83.5999984741211,418977
2026-03-11,83.7300033569336,83.7300033569336,85.80999755859375,83.5999984741211,84.86000061035156,300376
2026-03-12,83.72000122070312,83.72000122070312,84.19999694824219,81.9000015258789,83.08000183105469,416106
2026-03-13,82.12999725341797,82.12999725341797,84.0,81.9000015258789,83.12000274658203,978661
2026-03-16,81.31999969482422,81.31999969482422,82.0999984741211,79.80999755859375,82.0999984741211,513617
2026-03-17,81.31999969482422,81.31999969482422,81.94999694824219,81.02999877929688,81.38999938964844,888734
2026-03-18,83.11000061035156,83.11000061035156,84.25,81.5999984741211,81.5999984741211,985757
2026-03-19,81.72000122070312,81.72000122070312,82.47000122070312,81.25,82.0199966430664,868975
2026-03-20,81.44000244140625,81.44000244140625,84.05000305175781,81.12999725341797,81.88999938964844,607804
2026-03-23,78.37999725341797,78.37999725341797,81.22000122070312,77.9000015258789,81.22000122070312,790933
2026-03-24,78.77999877929688,78.77999877929688,79.73999786376953,76.9000015258789,79.73999786376953,818975
2026-03-25,79.13999938964844,79.13999938964844,81.3499984741211,79.0,79.4000015258789,1538915
2026-03-27,75.77999877929688,75.77999877929688,79.0,75.0,78.81999969482422,2960973
2026-03-30,73.08999633789062,73.08999633789062,75.73999786376953,72.5999984741211,75.73999786376953,1502785
2026-04-01,77.1500015258789,77.1500015258789,77.58999633789062,74.05000305175781,74.05000305175781,1350893
2026-04-02,77.97000122070312,77.97000122070312,78.25,74.80000305175781,76.4000015258789,547646
2026-04-06,79.66999816894531,79.66999816894531,79.91000366210938,77.01000213623047,78.72000122070312,653005
